<?xml version="1.0" encoding="UTF-8"?><metadata>
    <idinfo>
        <citation>
            <citeinfo>
                <title>Michigan's Planning and Development Regions</title>
                <onlink>https://mdotgis.state.mi.us/arcgis/rest/services/Reference/BoundaryPub/FeatureServer/446</onlink>
            </citeinfo>
        </citation>
        <descript>
            <abstract>Michigan's Planning and Development Regions</abstract>
        </descript>
        <keywords>
            <theme>
                <themekt>None</themekt>
                <themekey>michigan</themekey>
                <themekey>rpa</themekey>
                <themekey>planning</themekey>
                <themekey>mdot</themekey>
                <themekey>development</themekey>
            </theme>
        </keywords>
        <accconst>Other Constraints</accconst>
        <useconst>This dataset is a public record and, as more fully described below, there are no restrictions on the use, reproduction, or distribution of this dataset. Notwithstanding the foregoing, the public release of this dataset should not be construed, expressed or implied, as to whether any use constitutes a legally permissible purpose. It is the sole responsibility of the user to determine if the data is usable for their purposes. This dataset is provided “AS IS” and on an “AS AVAILABLE” basis. The State of Michigan (“State”) makes no warranties, express or implied, regarding the accuracy, adequacy, reliability, timeliness, or completeness of this dataset. The State also does not make any warranties, express or implied, for the continued quality, accuracy, or currency of this dataset after it has been downloaded, nor the quality or accuracy of any analyses or re-uses of this dataset. THE STATE DISCLAIMS ALL WARRANTIES WITH REGARD TO THIS DATASET AND ANY INFORMATION PROVIDED TO YOU, INCLUDING THE IMPLIED WARRANTIES OF MERCHANTABILITY, FITNESS FOR A PARTICULAR PURPOSE, AND NONINFRINGEMENT OF PROPRIETARY RIGHTS. THE STATE WILL NOT BE LIABLE, REGARDLESS OF THE FORM OF ACTION, WHETHER IN CONTRACT, TORT, NEGLIGENCE, STRICT LIABILITY OR BY STATUTE OR OTHERWISE, FOR ANY CLAIM FOR CONSEQUENTIAL, INCIDENTAL, INDIRECT, OR SPECIAL DAMAGES, INCLUDING WITHOUT LIMITATION LOST PROFITS AND LOST BUSINESS OPPORTUNITIES, RELATED TO THE ACCESS OR USE OF THIS DATASET. IN NO EVENT WILL THE STATE BE LIABLE FOR ANY AMOUNTS THAT MAY RESULT FROM THE ACCESS OR USE OF THIS DATASET, REGARDLESS OF THE FORM OF ACTION, WHETHER IN CONTRACT, TORT, NEGLIGENCE, STRICT LIABILITY, OR BY STATUTE OR OTHERWISE. You forever release the State, its departments, subdivisions, officers, and employees from all claims, rights, actions, demands, damages, liabilities, expenses and fees, which arise out of or relate to your access or use of this dataset. You must defend, indemnify and hold the State, its departments, subdivisions, officers, and employees harmless, without limitation, from and against all actions, claims, losses, liabilities, damages, costs, attorney fees, and expenses (including those required to establish the right to indemnification) arising out of or relating to your access or use of this dataset. The State reserves the right to modify or remove this dataset for any reason, without notice, at any time. Nothing in these terms constitutes or is intended to be a limitation upon, or waiver of, any privileges and immunities that apply to the State. These terms are governed by and interpreted under the laws of the State of Michigan without regard to conflict of laws provisions. These terms do not apply to other materials or content, including maps or logos, that may be located on the site or portal containing this dataset and that may be protected by intellectual property rights such copyright, trademark, or patent. Nothing in these terms should be construed, expressed or implied, as impacting any existing rights or licenses in such materials or content, if any.</useconst>
        <datacred>Michigan Department of Transportation</datacred>
    </idinfo>
    <metainfo>
        <metd>20240112</metd>
        <metc>
            <cntinfo>
                <cntorgp>
                    <cntorg>Michigan Department of Transportation</cntorg>
                    <cntper>Todd Lassen</cntper>
                </cntorgp>
                <cntaddr>
                    <addrtype>unknown</addrtype>
                    <country>US</country>
                </cntaddr>
                <cntvoice>517-582-3649</cntvoice>
                <cntemail>lassent@michigan.gov</cntemail>
            </cntinfo>
        </metc>
        <metstdn>FGDC Content Standard for Digital Geospatial Metadata</metstdn>
        <metstdv>FGDC-STD-001-1998</metstdv>
        <mettc>local time</mettc>
    </metainfo>
</metadata>
